window-start	window-end	count	score	guide-sequences
0	111	2	0.48005698005698005	GATTCCAATGTCAGAAATCTCCATGAGA TTAGATCTCCATGATTCTAATGTTCGAA
1	112	2	0.48005698005698005	GATTCCAATGTCAGAAATCTCCATGAGA TTAGATCTCCATGATTCTAATGTTCGAA
2	113	2	0.48005698005698005	GATTCCAATGTCAGAAATCTCCATGAGA TTAGATCTCCATGATTCTAATGTTCGAA
3	114	2	0.48005698005698005	GATTCCAATGTCAGAAATCTCCATGAGA TTAGATCTCCATGATTCTAATGTTCGAA
4	115	2	0.48005698005698005	GATTCCAATGTCAGAAATCTCCATGAGA TTAGATCTCCATGATTCTAATGTTCGAA
5	116	2	0.48005698005698005	GATTCCAATGTCAGAAATCTCCATGAGA TTAGATCTCCATGATTCTAATGTTCGAA
6	117	2	0.48005698005698005	GATTCCAATGTCAGAAATCTCCATGAGA TTAGATCTCCATGATTCTAATGTTCGAA
7	118	2	0.48005698005698005	GATTCCAATGTCAGAAATCTCCATGAGA TTAGATCTCCATGATTCTAATGTTCGAA
8	119	2	0.48005698005698005	GATTCCAATGTCAGAAATCTCCATGAGA TTAGATCTCCATGATTCTAATGTTCGAA
9	120	2	0.48005698005698005	GATTCCAATGTCAGAAATCTCCATGAGA TTAGATCTCCATGATTCTAATGTTCGAA
10	121	2	0.48005698005698005	GATTCCAATGTCAGAAATCTCCATGAGA TTAGATCTCCATGATTCTAATGTTCGAA
11	122	2	0.48005698005698005	GATTCCAATGTCAGAAATCTCCATGAGA TTAGATCTCCATGATTCTAATGTTCGAA
12	123	2	0.48005698005698005	GATTCCAATGTCAGAAATCTCCATGAGA TTAGATCTCCATGATTCTAATGTTCGAA
13	124	2	0.48005698005698005	GATTCCAATGTCAGAAATCTCCATGAGA TTAGATCTCCATGATTCTAATGTTCGAA
14	125	2	0.48005698005698005	GATTCCAATGTCAGAAATCTCCATGAGA TTAGATCTCCATGATTCTAATGTTCGAA
15	126	2	0.48005698005698005	GATTCCAATGTCAGAAATCTCCATGAGA TTAGATCTCCATGATTCTAATGTTCGAA
16	127	2	0.48005698005698005	GATTCCAATGTCAGAAATCTCCATGAGA TTAGATCTCCATGATTCTAATGTTCGAA
17	128	2	0.48005698005698005	GATTCCAATGTCAGAAATCTCCATGAGA TTAGATCTCCATGATTCTAATGTTCGAA
18	129	2	0.48005698005698005	GATTCCAATGTCAGAAATCTCCATGAGA TTAGATCTCCATGATTCTAATGTTCGAA
19	130	2	0.48005698005698005	GATTCCAATGTCAGAAATCTCCATGAGA TTAGATCTCCATGATTCTAATGTTCGAA
20	131	2	0.48005698005698005	GATTCCAATGTCAGAAATCTCCATGAGA TTAGATCTCCATGATTCTAATGTTCGAA
21	132	2	0.48005698005698005	GATTCCAATGTCAGAAATCTCCATGAGA TTAGATCTCCATGATTCTAATGTTCGAA
22	133	2	0.48005698005698005	GATTCCAATGTCAGAAATCTCCATGAGA TTAGATCTCCATGATTCTAATGTTCGAA
23	134	2	0.48005698005698005	GATTCCAATGTCAGAAATCTCCATGAGA TTAGATCTCCATGATTCTAATGTTCGAA
24	135	2	0.48005698005698005	GATTCCAATGTCAGAAATCTCCATGAGA TTAGATCTCCATGATTCTAATGTTCGAA
25	136	2	0.48005698005698005	GATTCCAATGTCAGAAATCTCCATGAGA TTAGATCTCCATGATTCTAATGTTCGAA
26	137	2	0.48005698005698005	GATTCCAATGTCAGAAATCTCCATGAGA TTAGATCTCCATGATTCTAATGTTCGAA
27	138	2	0.48005698005698005	GATTCCAATGTCAGAAATCTCCATGAGA TTAGATCTCCATGATTCTAATGTTCGAA
28	139	2	0.48005698005698005	GATTCCAATGTCAGAAATCTCCATGAGA TTAGATCTCCATGATTCTAATGTTCGAA
29	140	2	0.48005698005698005	GATTCCAATGTCAGAAATCTCCATGAGA TTAGATCTCCATGATTCTAATGTTCGAA
30	141	2	0.48005698005698005	GATTCCAATGTCAGAAATCTCCATGAGA TTAGATCTCCATGATTCTAATGTTCGAA
