left-primer-target-sequences	right-primer-target-sequences	guide-target-sequences
TCATGGCACCACACAAGTGATGATTTCGGT TCTTGGCACCACAATTCAGCAAGCATAGGG	CCACAGTGTTATATGCATGTCAGTGATTAT	CTTTGTAACTGATTTAGAGAAATACAAT GTTTTGTCACAGACCTGGAAAAATACAA TACTGATCTTGAGAAATACAACCTTGCC
AAATGACCCCTTCACATTACTCGGGAAATA AAATGACGCCTTCTCATTATTCAGGGAACA ACTTTTTACCTACTCACTACTCAGGCAACA	ACACTCCTTTATGGCAAACAGCATGAGTAA GCACTCATTTATGGCGAATCGCATGAGCAA TCATTCTTTCATGGCCAATCGTATGAGTAA	AGTTCATAGATATAATGATCAATATGGT GTACATCGGTATAATGACCAATATAGCC TGTTCATAGGTACAACGATCAATACAGT
ATTGTTCACCCATCTACCCGGCAATAACAC CATCTATGACCATCTCCCAGGATTTGGGAC TATGTATGATCACCTGCCTGGTTTTGGAAC	CCTGGCTGAAGGAGACTCCCCTCAATGTGC TCTAAGTGAAGGAGAGAATGCTCAGGCGGC TCTAGCAGATGGTGACTCTCCCCAATGTGC	TTGGACATAATTCATGCTGAGTTCCAGG
AGGATCAAGGGAAATAATAACGTTCCTTAG TGGATCACAGGATTTAACATCTTTCCTTCG TGGGTCACAAGACCTGACATCCTTTTTACG TGGGTCGCAAGACTTAACTTCATTTCTGCG	CGTAATGAGCCGATTTGCCGCTGACATCTT CGTCATGAGCCGTTTCGCAGCCGATATTTT TGTTATGAGTCGTTTTGCAGCCGATATATT	ATGGTATGTAAATGGCTACTTTCTTCAA ATGGTTTGTAAGTGGCTCTTATCATCAA
AGCTTTGACTCAACTACGGCCGCCATCATG AGCTTTGATTCAACAACAGCCGCAATTATG CCTTTAGCTCATACTGTGGCTGCATTGCTC	CATGGTGATCCCCAGGAATTTTTCCACTAA GTTCGTTCTTCCACCAGTCCAACTACCCCA GTTTGTGCTACCACCAGTTCAACTGCCGCA	CTAGGCCCAGGAATACCCGATCATCCGC CTGGGTCCTGGAATCCCGGATCACCCCC CTTGGTCAGGGAATACCGGATCACCCAC
CTGGACAAGTATTTCATGTGCTCAAATTTC GTGGACATGTATATCATGTGCCCAAATCAC GTGGACGAGTATATCCTGTGCACAAATCTC	AGCAGTCATGGGGGACAATCAATGTATAAC AGCTGTGATGGGTGACAATCAGTGCATTAC CAGTGTCATGGGTGATAATCAATGTATAAC TGCGGTAATGGGTGATAATCAATGCATCAC	TAGAGATCAAGACCGGGTTCAAATTGCG TTTAGTTGAAATTAAGACTGGTTTTAAG
ATGCACATGGTTGCCGGACATGATGCCAAC ATGCATATGGTTGCAGGGCATGATGCTAAT GTAAACTTGGTGACAGGTCATGATGCCTAT	GAAGCAGCCACTGAGGCCGAAAAGCAGTTG GAGGCAGCCACTGAGGCTGAGAAGCAACTC GAGGCGGCACATGATGCAGAGGTAAAACTA	AACATGGAGAATATGCCCCGTTTGCTCG CATGGAGAGTATGCTCCTTTCGCCCGAC CCCGACATGGGGAATACGCACCATTTGC
CCCTTTGGAGGCATCCAAGCGATGGGCTTT CGTGCCATCTGTGACTAAAAGATGGGGCTT TATCCCATCTGCAACAAAGCGTTGGGGCTT TGTACCAACAGCAACGAAGAGATGGGGATT TGTCCCATCAGCAACAAAACGCTGGGGATT	TACGGAAGGGGAGGAAGCCAAAACATGCTA TGAAGCTGGTGAATGGGCTGAAAACTGCTA	ATCTGGTGTGCCTCCCAAGGTGGTCAGC CCGGTGTCCCACCAAAGGTGGTCAATTA
CAAGTCTTGCAAAAGTAACCAGTGCATGTG CCAGCCTAGCAAAAGTTACAAGTGCCTGTG CCAGTTTAGCCAAAGTCACGAGTGCCTGTG TCGAATTAGCTATTACTACGGGTTATAGTG	CGATGATCTACAAGGAACACTTGCCAGTAT TGATGACCTTCAAGGTTCTCTAGCCAGTAT TGATGACTTGCAAGGTACACTTGCCAGTAT TGATGATCTTCAAGGGACCCTGGCTAGTAT	TCTATTTTGGAAAAAAACAATATTTGAA TTTACTTCGGTAAGAAGCAATATCTAAA
GCTTCACTGGAATTGTTTCATCAATGCATT GCTTTACAGGGGTTGTCTCATCAATGCATT GGTTTACCGGTATAGTCTCGTCCATGCATT	CAAGTCGAGGTTATAACCATGGATGCAGAG CAAGTTGAGATTATGACTATGGATGCTGAA GATAGTGACATTCTTACAATGGACGCAGAG GATGCTGATATTATTACCATGGATGCTGAA	CTTATTCTTCAACACGCTAGCTACTGAG TAACAACTCAGCAAGCCAAATAACAGAC
