design_id	guide-target-sequences	left-primer-target-sequences	right-primer-target-sequences	frac-bound
1	TAGATTCCCTCGAGGCCAGGGCGTTCCA	ATCTTGGTTCACCGCTCTCACTCAACATGG GTCTTGGTTCACAGCTCTCACTCAGCATGG	GAGCTACCAGACGAATTCGTGGCGGTGACG GAGCTACCCGACGAGTTCGTGGTGGTGACG	0.7755102040816326
2	AAGAAAAGGATGAGGAAGGCAATTTGTT	CAACGAAAAAGTTGCTGGTTTTGCAAAGTT CAACGAAAGAGTTGCTGGCTTTGCAAAGTT TAATGACAAAGTTGCTGGCTTTGCTAAGTT	GATGGTGACATGGTACCACATATATCACGT	0.4489795918367347
3	TGCTGCATACAGTCGCTACAGGATTGGT	ACGAACGCTTTCTTATTACAAATTAGGAGC ACGAACTCTATCTTATTACAGATTAGGAGC	TTGCTAGTACAGTAAGTGACAACAGATGTT	0.04081632653061224
4	GCAGAGACAAAAGAAGCAGCCCACTGTG	CCAACAGAGCCTAAAAAGGACAAAAAGAAA CCTACTGAACCTAAAAAGGACAAAAAGAAG	CTGCAGCTGAATTGGATGATTTTTCCAAAC CTGCAGCTGATATGGATGATTTCTCCAGAC CTGCGGCTGACATGGATGATTTCTCCAGAC CTGCTGCAGATTTGGATGAATTCTCCAAAC	0.7959183673469388
5	AGAGGGGAGCAGAGGTGGCAGTCAATCT	AAGGAACAACATTGCCAAAAGGCTTCTACG AAGGTACGTCCTTGCCAAAAGGATTCTACG	AATTCAAGAAATTCAACTCCTGGCAGCAGT AATTCCAGAAATTCAACGCCTAGCAGTAGC AGTTCAAGAAACTCAACTCCAGGCAGCAGT	0.22448979591836735
6	TGTGTTATGTATGCTTCAGCTTTAGTTT TGTTATGTATGCTTCAGCTTTAGTTTTG	ATTTACATGCCTGCTAGTTGGGTTATGCGT GTCTACATGCCTGCTAGCTGGGTGATGCGT	TGCTTTAGACCAAGCTATTTCCATGTGGGC TGTGTTAGACCAAGCCATTGCCATGTGGGC TTCCTTAGATCAAGCTATTTCCATGTGGGC	0.7755102040816326
7	TTGAATAATTTAAATAGAGGTATGGTGC	TGGAACCACCTTGTAGGTTTGTTACAGACA TGGAGCCACCTTGCAGGTTTGTTACAGACA	TGGGCAGTTTAGCTGCTACAGTACGTCTTC TGGGTAGTTTAGCTGCCACAGTACGTCTTC TTGGTAGCTTAGCTGCCACAGTACGCCTAC	0.02040816326530612
8	GTGTAGGTTTGACACCAGAGTTTTGTCA	TTTGGAACTGTAACGTTGATCGTTACCCAG TTTGGAATTGTAACGTTGATCGTTACCCTG	TACCAGGTTGTGATGGTGGTAGTTTGTATG TACCTGGTTGTGATGGCGGTAGTCTGTATG TACCTGGTTGTGATGGTGGTAGTTTGTATG	0.16326530612244897
9	AGCCACTTGTAAAGTGGGATTTGCTCAA	AGATGCTGAGTCTCATATAGACAGTGACGT AGCTGCTGAGTCCCATATGGACGCTGATCT GGCTGCTGAGTCCCATATGGATGCTGATCT	TATGACTTTACGGAAGAGAGACTCTGTCTC TATGACTTTACGGAAGAGAGACTTTGTCTT TATGATTTCACGGAAGAGAGACTATGTCTT TATGATTTTACGGAAGAGAGACTTTGTCTC	0.24489795918367346
10	ATAGGAGATGAATTGAAGATTAATTCCG	TGGCTAGTTGTGATGCTATCATGACTAGAT TTGCTAGCTGTGATGCCATCATGACTAGAT	CACATGGTTGTAAAATCTGTGCTACTTGCT CACATGGTTGTGAAGTCTGCATTGCTTGCT CATATGGTTGTAAAGTCTGCATTGCTTGCT CATATGGTTGTTAAATCTGCATTGCTTGCT	0.3877551020408163
11	AGACAACGGTACAATTACTGTTGAGGAG TTAAAAATATGAACTCTTCTGATTGTGT	CGTACTGCTGCAATATTGTTAACGTGAGTT	ACTCCTGGAACAATGGAACCTAGTAATAGG GCTCTTAGAACAATGGAACCTAGTAATAGG GCTCTTGGAACAATGGAACCTATTAATAGG TTTACTTGAGCAATGGAACCTAGTTATAGG	0.3673469387755102
12	TTTCTTGTTTTTTCTCGTAAACATAGCA	TGACAGAGCCATGCCTAACATGCTTAGGAT TGACAGAGCCATGCCTAATATGCTTAGAAT	AGTGAAATGGTCATGTGTGGCGGTTCACTA AGTGAGATGGTCATGTGCGGAGGCTCACTA AGTGAGATGGTCATGTGTGGCGGCTCACTA	0.02040816326530612
13	GGCATTCAGTACGGTCGTAGTGGTGAGA TCGTTGAGCTGGTTGCAGAATTGGACGG TGTGGAATTGGTTGCAGAATTAGATGGC	ACAGCCCTATGTGTTCATTAAACGTTCTGA ACAGCCTTATGTGTTCATTAAACGTTCTGA AGAGCCCTATGTGTTCATTAAACGATCTGA	TTCTTCTCCGTAAGAATGGTAATAAGGGAG TTCTTCTTCGTAAGAACGGTAATAAGGGAG TTCTTGTCCGTAAGAACGGTAATAAGGGTG	0.6122448979591837
14	TACTTGTGTAGGCAGTGACAATGTCGCA	CATTGTGTGCTAATGGTCAGGTTTTTGGTT CTTTGTGTGCTAATGGTCAGGTCTTTGGTC	ATAGCAACATGTGATTGGACTAAAGCTAGC ATAGCAACATGTGATTGGACTAATGCTGGC ATAGCGACATGTGACTGGACTAATGCTGGC ATAGCTACATGTGATTGGACTAATGCTGGT	0.0
15	GTTTCATGGCAGACGTGCGATTTTCTGA	CAAAGTCATTCAACCACGTGTTGAAAAGAA CAAGACCATTCAACCAAGGGTTGAAAAGAA TCGGGTTTTACAACCTAGAGTTGAAAAGAG	ACAACTTGTGGCTATCTACCTAATAATGCT ACAACTTGTGGTTACTTACCTCAAAATGCT ACTACATGTGGGTACCTACCTACTAATGCT ACTACGTGTGGATACCTACCTGCTAATGCT	0.7346938775510204
16	AGAGGGACTGTGTGTTGACATACCTAGC	GGCTACATTACAAGCAGAAAATGTAACTGG GGCTACTTTACAAGCAGAAAATGTGACTGG GGCTGTGTTACAAGCAGAGAATGTAACAGG	CCAAAAGACATGACCTATCGTAGACTCATC CCAAAGGACATGACCTACCGTAGACTCATC CCTAAAGACATGACTTATCGTAGACTCATC CCTAAGGACATGACCTATCGCAGACTCATC	0.04081632653061224
17	GGCATCAAAGATTTTAGGGTTGCCTACT GTGGCATCAAAGATTTTAGGGTTGCCCA	ACACGCAACCCTGCTTGGAGAAAAGCTGTT ACACGCAATCCTGCTTGGAGAAAGGCGGTT ACACGTAACCCTGCATGGAGAAAAACTGTT ACGCGCAATCCAGCTTGGAGAAAAGCTGTT	TCACAGGGCTCGGAGTATGACTATGTCATA TCACAGGGTTCTGAATATGACTACGTCATA TCACAGGGTTCTGAGTATGACTATGTCATA	0.30612244897959184
18	TTTCGATGAAGTGTCGATGGCCACTAAT	AGAACAGTATGTTTTCTGCACTGTAAATGC AGAACAGTATGTTTTCTGTACAGTGAATGC AGAGCAATATGTTTTCTGCACTGTGAATGC	TCAGTGTGCAGACTTATGAAAACAATAGGT TCGGTGTGCAGACTCATGAAAACAATAGGT TCTGTGTGTCGTCTGATGAAAACAATAGGT	0.02040816326530612
19	ATTGGATGCTTTTAACTTTCTTGATGTC GGGTACTCATCACTGGGTGCTTTTGACT	GGTATGAATGGACGTACCATACTGGGTAGT GGTATGAATGGTCGTACTATCCTTGGTAGC GGTATGAATGGTCGTACTATTCTCGGTAGC	AGTACACAGTGGTCACTGTTTTTCTTTGTT AGTACGCAGTGGTCACTGTTTTTCTTTGTC AGTACTCAATGGTCTTTGTTCTTCTTTGTG AGTACTCAGTGGTCGCTGTTTTTCTTTGTT	0.40816326530612246
20	CATCAGATACTTATGCTTGTTGGAGTCA	GTGTTTGTCCTTTGGGCACATGGCTTTGAA GTGTTTGTCCTTTGGGCGCATGGCTTTGAG	CTCAGTAGGTTTTGACTATGTCTATAACCC CTCTGTGAGCTTTGACTATGTCTATAACCC CTCTGTGGGTTTTGACTATGTCTACAACCC TTCTGTGGGTTTTGACTATGTCTATAACCC	0.02040816326530612
