design_id	guide-target-sequences	mean-activity
1	TAGATTCCCTCGAGGCCAGGGCGTTCCA	2.8740189391739515
2	AAGAAAAGGATGAGGAAGGCAATTTGTT	2.4503766225308787
3	TGCTGCATACAGTCGCTACAGGATTGGT	1.7452327158986305
4	GCAGAGACAAAAGAAGCAGCCCACTGTG	2.8173066779058806
5	AGAGGGGAGCAGAGGTGGCAGTCAATCT	2.151964749608721
6	TGTGTTATGTATGCTTCAGCTTTAGTTT TGTTATGTATGCTTCAGCTTTAGTTTTG	2.7608970367178625
7	TTGAATAATTTAAATAGAGGTATGGTGC	2.1101080726604073
8	GTGTAGGTTTGACACCAGAGTTTTGTCA	1.772653054217903
9	AGCCACTTGTAAAGTGGGATTTGCTCAA	2.510346626748844
10	ATAGGAGATGAATTGAAGATTAATTCCG	2.3961963738713945
11	AGACAACGGTACAATTACTGTTGAGGAG TTAAAAATATGAACTCTTCTGATTGTGT	2.208790426351586
12	TTTCTTGTTTTTTCTCGTAAACATAGCA	1.714712298646265
13	GGCATTCAGTACGGTCGTAGTGGTGAGA TCGTTGAGCTGGTTGCAGAATTGGACGG TGTGGAATTGGTTGCAGAATTAGATGGC	2.7440457757638423
14	TACTTGTGTAGGCAGTGACAATGTCGCA	1.713758451598031
15	GTTTCATGGCAGACGTGCGATTTTCTGA	2.6667195668025894
16	AGAGGGACTGTGTGTTGACATACCTAGC	2.4067796639033725
17	GGCATCAAAGATTTTAGGGTTGCCTACT GTGGCATCAAAGATTTTAGGGTTGCCCA	2.421325914713801
18	TTTCGATGAAGTGTCGATGGCCACTAAT	1.9823668453158165
19	ATTGGATGCTTTTAACTTTCTTGATGTC GGGTACTCATCACTGGGTGCTTTTGACT	2.595211074060323
20	CATCAGATACTTATGCTTGTTGGAGTCA	1.7190152443185145
