cost	target-start	target-end	target-length	left-primer-start	left-primer-num-primers	left-primer-frac-bound	left-primer-target-sequences	right-primer-start	right-primer-num-primers	right-primer-frac-bound	right-primer-target-sequences	num-guides	total-frac-bound-by-guides	guide-target-sequences	guide-target-sequence-positions
2.5126942636811997	754	842	88	754	1	1.0	ATGTAACCCATGACAAACAGACTTTTCTCA	812	1	1.0	TAAAGACCACAAGCTTCCTAATGGCGCAAT	1	1.0	ACATAAAGTCTATAATGTACTTACAGGA	{784}
2.5126942636811997	4224	4312	88	4224	1	1.0	TTTTGAAACGGGTTTGATTAAGTTTTATAG	4282	1	1.0	ATCAAGCCTAAAGTCTTAGTAAATGCTGCC	1	1.0	AGGTGATGTTAAAATGTTAGTTGATGCC	{4254}
2.5126942636811997	4679	4767	88	4679	1	1.0	AGCAGAGTAAAGTTTTACAGTACTTTGAGA	4737	1	1.0	CCCTAGTGTTCAAAAAGTAGTTTTAGAACC	1	1.0	CACCTGTCACAGTTCTTTTAGAAGACGG	{4709}
2.5126942636811997	4717	4805	88	4717	1	1.0	ACAGTTCTTTTAGAAGACGGCCCTAGTGTT	4775	1	1.0	CTCTTGACTCACAACTGGCTTCTAAGGTTG	1	1.0	CAAAAAGTAGTTTTAGAACCAGTAGTAA	{4747}
2.5126942636811997	5028	5116	88	5028	1	1.0	TATGCTACTACAAAACTTAAAGCCCACATG	5086	1	1.0	TCTAAATTTGTTAGTGGCAACACAGCACCG	1	1.0	GCGCTTTAAGGGTATGGAAGACTTATGG	{5058}
2.5126942636811997	5416	5504	88	5416	1	1.0	ATAAAGGGTGATGGTTACGTGTGTTTTAAT	5474	1	1.0	ACAGTTCTAGAAATGGTACTGTTTATGACG	1	1.0	GGTTCTGCCAGTAGTGGACATTATACAT	{5446}
2.5126942636811997	6167	6255	88	6167	1	1.0	ACAATGTGTTAAGGGTCGCTATGCTCTATT	6225	1	1.0	TTCCTACTATGGTTTAGTCAATTATAGTTG	1	1.0	TTGTCGCACAGTGTTTAAACACATGGTT	{6197}
2.5126942636811997	6215	6303	88	6215	1	1.0	ACACATGGTTTTCCTACTATGGTTTAGTCA	6273	1	1.0	TTTTGAGACTGTAGCTGCTGAAATTGTTGT	1	1.0	ATTATAGTTGGTTGTTGCACATTGTGAA	{6245}
2.5126942636811997	6359	6447	88	6359	1	1.0	ACAAGGCTAGTTGTTTGTCTTGTTCTAAAA	6417	1	1.0	CGTGATTGTTAATGGAAGTATGAAGACTGT	1	1.0	CTGCTAAACAAAAACGCATACCAGTAAG	{6389}
2.5126942636811997	6394	6482	88	6394	1	1.0	AAACAAAAACGCATACCAGTAAGCGTGATT	6452	1	1.0	TGCATACTAATGGTGGGTCAAAATTTTGCT	1	1.0	GTTAATGGAAGTATGAAGACTGTTTATG	{6424}
